id,concept,difficulty,bloom_level,question_text,option_a,option_b,option_c,option_d,correct_answer,explanation
q_dt_001,Data Types,easy,remember,What is the data type of 42 in Python?,str,float,int,bool,C,Integer literals without a decimal point are of type int.
q_dt_002,Data Types,easy,remember,What is the data type of 3.14?,int,float,str,complex,B,Numbers with a decimal point are float by default.
q_dt_003,Data Types,easy,remember,What does type('hello') return?,<class 'int'>,<class 'str'>,<class 'list'>,<class 'bytes'>,B,String literals are of type str.
q_dt_004,Data Types,easy,remember,Which of these is a boolean value?,1.0,'True',True,0,C,The boolean literals in Python are True and False (capitalized).
q_dt_005,Data Types,easy,understand,What is the type of None in Python?,NoneType,null,undefined,bool,A,None is its own type: NoneType.
q_dt_006,Data Types,easy,remember,Which is a complex number literal?,3+4i,3+4j,3i4,3.4+j,B,Python uses j (not i) for the imaginary part of complex numbers.
q_dt_007,Data Types,easy,understand,What does isinstance(True, int) return?,False,True,Error,None,B,bool is a subclass of int in Python so isinstance returns True.
q_dt_008,Data Types,easy,remember,How many built-in numeric types does Python have?,2,3,4,5,B,Python has int, float, and complex as numeric types.
q_dt_009,Data Types,easy,understand,What is the value of type(None).__name__?,None,NoneType,null,undefined,B,The type of None is NoneType.
q_dt_010,Data Types,medium,apply,What does sys.maxsize represent?,Max float value,Max int value for the platform,Max string length,Max list size,B,sys.maxsize gives the platform's largest integer value.
q_var_001,Variables,easy,remember,Which of these is a valid Python variable name?,2name,_count,for,class-name,B,Variable names can start with underscore or letter but not digit or special characters.
q_var_002,Variables,easy,remember,What keyword deletes a variable?,remove,delete,del,free,C,del removes a variable binding from the current scope.
q_var_003,Variables,easy,understand,What does x = y = 5 do?,Creates two separate values,Creates a chain assignment both pointing to 5,Error,Creates a list,B,Python supports chained assignment; both x and y refer to the same object 5.
q_var_004,Variables,easy,apply,What is the output of: x=3; x+=2; print(x)?,3,2,5,Error,C,x += 2 is equivalent to x = x + 2 giving 5.
q_var_005,Variables,easy,remember,Which is a valid swap without a temp variable?,x=y; y=x,x^=y; y^=x,(x,y)=(y,x),x=y=0,C,Python tuple unpacking allows swapping without a temporary variable.
q_var_006,Variables,easy,understand,What does x = 10; del x; print(x) raise?,None,10,NameError,TypeError,C,After deletion x is no longer defined so accessing it raises NameError.
q_var_007,Variables,medium,understand,In Python variables are...,Statically typed,Dynamically typed,Weakly typed,Compiled,B,Python is dynamically typed; variable types are determined at runtime.
q_var_008,Variables,easy,remember,Which naming style is PEP 8 for variables?,camelCase,PascalCase,snake_case,UPPER_CASE,C,PEP 8 recommends snake_case for variable and function names.
q_var_009,Variables,easy,understand,What is a global variable?,Defined inside a function,Accessible only in a module,Defined at module level,Defined in a class,C,Global variables are defined at the module level and accessible everywhere.
q_var_010,Variables,medium,apply,"What prints: x=5; def f(): x=10; f(); print(x)?",10,5,Error,None,B,The x inside f() is local; the outer x remains 5.
q_op_001,Operators,easy,understand,What does // operator do in Python?,Float division,Integer floor division,Modulo,Power,B,// is the floor division operator returning the integer quotient.
q_op_002,Operators,easy,understand,What does % return for 10 % 3?,1,3,0,10,A,The modulo operator returns the remainder: 10 = 3×3 + 1.
q_op_003,Operators,easy,remember,What is the result of 2 ** 3?,6,8,9,16,B,** is the exponentiation operator: 2 raised to power 3 is 8.
q_op_004,Operators,easy,understand,What does 'not True' evaluate to?,True,False,None,Error,B,not is the logical negation operator.
q_op_005,Operators,easy,understand,Which operator checks identity?,==,is,!=,in,B,is checks object identity (same memory address) while == checks equality.
q_op_006,Operators,medium,apply,What is the result of True + True?,2,True,Error,1,A,In Python True is treated as 1 and False as 0 in arithmetic.
q_op_007,Operators,easy,understand,What does the walrus operator := do?,Assigns and returns value,Compares values,Divides values,Creates a tuple,A,The walrus operator := assigns a value to a variable as part of an expression.
q_op_008,Operators,easy,remember,What is 5 & 3 (bitwise AND)?,8,2,1,15,C,5 in binary is 101 and 3 is 011; AND gives 001 = 1.
q_op_009,Operators,easy,remember,What is 5 | 3 (bitwise OR)?,8,7,2,15,B,5 in binary is 101 and 3 is 011; OR gives 111 = 7.
q_op_010,Operators,medium,apply,What does 5 << 1 evaluate to?,2,10,20,5,B,Left shift by 1 multiplies by 2: 5 << 1 = 10.
q_tc_001,Type Casting,easy,apply,What does int('42') return?,42,42.0,'42',Error,A,int() converts a string representation of an integer to int.
q_tc_002,Type Casting,easy,apply,What does float(5) return?,5,5.0,'5.0',Error,B,float() converts int to float representation.
q_tc_003,Type Casting,easy,apply,What does str(3.14) return?,3.14,'3.14',314,Error,B,str() converts the float to its string representation.
q_tc_004,Type Casting,easy,apply,What does int(3.9) return?,4,3,3.9,Error,B,int() truncates toward zero (does not round): int(3.9) is 3.
q_tc_005,Type Casting,easy,apply,What does bool(0) return?,True,False,0,Error,B,0 is falsy in Python so bool(0) returns False.
q_tc_006,Type Casting,easy,apply,What does bool('') return?,True,False,'',Error,B,Empty string is falsy so bool('') returns False.
q_tc_007,Type Casting,medium,apply,What does int('0x1F', 16) return?,31,15,1F,Error,A,int() with base 16 parses the hex string: 0x1F = 31.
q_tc_008,Type Casting,easy,understand,Which is implicit type casting?,int('5'),x = 5 + 2.0,float(3),str(True),B,When int 5 is added to float 2.0 Python implicitly converts int to float.
q_tc_009,Type Casting,medium,apply,What does list('abc') return?,['abc'],['a','b','c'],'abc',Error,B,list() on a string creates a list of individual characters.
q_tc_010,Type Casting,easy,apply,What does bool([]) return?,True,False,[],Error,B,Empty list is falsy so bool([]) returns False.
q_io_001,Input Output,easy,apply,Which function reads user input?,read(),get(),input(),scan(),C,input() reads a line from standard input as a string.
q_io_002,Input Output,easy,apply,What does print('a', 'b', sep='-') output?,a b,a-b,ab,-ab,B,The sep parameter defines the separator between print arguments.
q_io_003,Input Output,easy,apply,What does print('hi', end='') do?,Adds newline after hi,Prints hi without newline,Raises error,Prints empty string,B,end='' replaces the default newline with nothing.
q_io_004,Input Output,easy,apply,"What is an f-string?",A file string,A formatted string literal,A function string,A fast string,B,f-strings (f'...{expr}...') are formatted string literals introduced in Python 3.6.
q_io_005,Input Output,easy,apply,What does print(f'{2+2}') output?,2+2,4,'4',{2+2},B,Expressions inside {} in f-strings are evaluated: 2+2=4.
q_io_006,Input Output,easy,apply,How do you print to stderr?,print(err),print(msg, file=sys.stderr),sys.print(msg),stderr.write(msg),B,Use file=sys.stderr to redirect print output to standard error.
q_io_007,Input Output,medium,apply,What does '{:.2f}'.format(3.14159) return?,'3.14','3.14159','3',Error,A,:.2f formats a float to 2 decimal places.
q_io_008,Input Output,easy,apply,What type does input() always return?,int,float,str,depends,C,input() always returns a string regardless of what the user types.
q_io_009,Input Output,medium,apply,What does print(*[1,2,3]) output?,123,[1,2,3],1 2 3,Error,C,*list unpacking passes list items as separate arguments to print.
q_io_010,Input Output,easy,apply,What does '{0} {1}'.format('a','b') return?,a b,b a,'a' 'b',Error,A,Positional format fields {0} and {1} are replaced in order.
q_cond_001,Conditional Statements,easy,apply,What keyword starts a conditional block?,when,check,if,cond,A,The if keyword starts a conditional statement in Python.
q_cond_002,Conditional Statements,easy,apply,Which keyword is used for an alternative condition?,else if,elif,elseif,otherwise,B,Python uses elif (not else if or elseif) for additional conditions.
q_cond_003,Conditional Statements,easy,apply,What does the ternary operator look like?,if x then y else z,y if x else z,x ? y : z,(x) y : z,B,Python's ternary is: value_if_true if condition else value_if_false.
q_cond_004,Conditional Statements,easy,apply,"What prints: x=5; print('big' if x>3 else 'small')?",small,big,Error,None,B,Since 5 > 3 is True the expression evaluates to 'big'.
q_cond_005,Conditional Statements,easy,understand,Can an if block have no else clause?,No,Yes,Only with elif,Only in functions,B,The else clause is entirely optional in Python conditionals.
q_cond_006,Conditional Statements,medium,apply,"What is printed: x=0; print('yes' if x else 'no')?",yes,no,0,Error,B,0 is falsy so the condition evaluates to False and prints 'no'.
q_cond_007,Conditional Statements,medium,apply,What does match-case require?,Python 2.7,Python 3.8,Python 3.10+,Any version,C,Structural pattern matching (match-case) was introduced in Python 3.10.
q_cond_008,Conditional Statements,easy,understand,Which values are falsy in Python?,0 only,'0' and 0,0, None, '', [], {}, False,Only False,C,Python considers 0, None, empty sequences/mappings, and False as falsy.
q_cond_009,Conditional Statements,easy,apply,"What prints: if True: print('A'); else: print('B')?",B,A,AB,Error,B,The condition is True so the if block executes printing 'A'.
q_cond_010,Conditional Statements,medium,apply,How do you check if x is between 1 and 10 inclusively?,x>1 and x<10,1<=x<=10,x in range(1,10),x between 1 and 10,B,Python supports chained comparison operators: 1<=x<=10.
q_nc_001,Nested Conditionals,medium,apply,What is a nested conditional?,An if inside a loop,An if inside another if,An if with multiple elif,An if with no else,B,A nested conditional is when one if statement appears inside another.
q_nc_002,Nested Conditionals,medium,apply,What is the dangling else problem?,An else with no if,When else matches the wrong if in indentation,A syntax error,An else on the same line,B,The dangling else problem occurs when it's unclear which if an else belongs to (Python solves this with indentation).
q_nc_003,Nested Conditionals,medium,apply,How do you flatten deeply nested conditions in Python?,Use more elif,Use logical operators and single conditions,Use loops,Use functions only,B,Combining conditions with and/or can eliminate nesting and improve readability.
q_nc_004,Nested Conditionals,medium,apply,What is the maximum nesting depth Python allows?,5,10,20,No limit (but limited by stack),D,Python has no hard limit on nesting depth though deep nesting hurts readability.
q_nc_005,Nested Conditionals,medium,analyze,Which refactoring reduces nested if-else?,Early return,Adding more conditions,Using global variables,Adding print statements,A,Early return (guard clauses) reduces nesting by returning immediately when conditions are met.
q_nc_006,Nested Conditionals,easy,apply,"What indentation does Python use for nested blocks?",Braces {},Semicolons,Consistent whitespace (spaces or tabs),Parentheses,C,Python uses indentation (spaces or tabs) to define nested blocks.
q_nc_007,Nested Conditionals,medium,apply,What is the correct indentation for a nested if?,Same level as outer,Deeper than outer,Shallower than outer,No indentation,B,Nested blocks must be indented deeper than the enclosing block.
q_nc_008,Nested Conditionals,medium,analyze,Why should deeply nested conditions be avoided?,They cause errors,They are slow,They reduce readability and maintainability,Python does not allow them,C,Deep nesting makes code harder to read; refactoring improves clarity.
q_nc_009,Nested Conditionals,medium,apply,"What prints: x=5;y=3; if x>3:\n if y<5: print('AB'); else: print('AC')?",AB,AC,Error,Nothing,A,x>3 is True and y<5 is True so the innermost branch prints 'AB'.
q_nc_010,Nested Conditionals,medium,apply,What can replace deeply nested conditions checking dict key absence?,Multiple if-elif,dict.get() with default,Nested try-except,Multiple variables,B,dict.get(key, default) avoids key-not-found nesting.
q_loop_001,Loops,easy,apply,Which loop iterates over a sequence?,do-while,for,repeat,scan,B,The for loop iterates over any iterable in Python.
q_loop_002,Loops,easy,apply,What does range(5) produce?,0 to 5,0 to 4,1 to 5,1 to 4,B,range(5) generates integers 0 through 4 (exclusive end).
q_loop_003,Loops,easy,apply,What does while True: mean?,Runs once,Infinite loop,Syntax error,Runs while True is defined,B,while True creates an infinite loop that runs until a break or exception.
q_loop_004,Loops,easy,apply,What does enumerate() do?,Counts items,Returns (index, value) pairs,Creates a range,Reverses a list,B,enumerate() wraps an iterable and yields (index, value) tuples.
q_loop_005,Loops,easy,apply,What does zip([1,2],[3,4]) produce?,[(1,2),(3,4)],[(1,3),(2,4)],[1,2,3,4],Error,B,zip() pairs elements from multiple iterables: (1,3) and (2,4).
q_loop_006,Loops,medium,apply,"What prints: for i in range(2,6,2): print(i)?",2 4,2 4 6,2 3 4 5,4 6,A,range(2,6,2) generates 2 and 4 (step of 2 stopping before 6).
q_loop_007,Loops,easy,apply,How do you loop over a dict's keys and values?,for k in d,for k,v in d.items(),for k,v in d,for k in d.values(),B,dict.items() returns key-value pairs for iteration.
q_loop_008,Loops,easy,apply,What does a for-else structure mean?,else runs if loop completes without break,else always runs,else never runs,Syntax error,A,The else clause on a loop runs if the loop completes without hitting a break.
q_loop_009,Loops,medium,apply,"How many times does this print? i=0; while i<3: i+=1; print(i)",2,3,4,Infinite,B,i goes 1, 2, 3 and the loop exits when i reaches 3, printing 3 times.
q_loop_010,Loops,medium,apply,What is the output of list(range(3,0,-1))?,[-1,-2,-3],[3,2,1],[0,1,2,3],[1,2,3],B,range(3,0,-1) counts down: 3, 2, 1.
q_lc_001,Loop Control,easy,apply,What does break do in a loop?,Skips current iteration,Exits the loop entirely,Restarts the loop,Pauses the loop,B,break immediately exits the nearest enclosing loop.
q_lc_002,Loop Control,easy,apply,What does continue do?,Exits the loop,Skips to the next iteration,Restarts from beginning,Does nothing,B,continue skips the rest of the current loop body and advances to the next iteration.
q_lc_003,Loop Control,easy,apply,What does pass do?,Skips the loop,Exits the function,Does nothing (placeholder),Raises an error,C,pass is a no-op placeholder used where a statement is syntactically required.
q_lc_004,Loop Control,easy,apply,"What prints: for i in range(5):\n if i==3: break\n print(i)?",0 1 2,0 1 2 3,0 1 2 3 4,3,A,The loop prints 0, 1, 2 then breaks when i==3.
q_lc_005,Loop Control,easy,apply,"What prints: for i in range(4):\n if i==2: continue\n print(i)?",0 1 3,0 1 2 3,1 2 3,2,A,continue skips printing when i==2 so output is 0, 1, 3.
q_lc_006,Loop Control,medium,apply,When does the else clause of a for loop NOT run?,Always runs,When break is hit,When continue is hit,When loop is empty,B,The else clause is skipped when a break statement exits the loop.
q_lc_007,Loop Control,easy,understand,What is pass used for?,Breaking a loop,A comment,A placeholder in empty blocks,Infinite loops,C,pass allows you to write an empty block that is syntactically valid.
q_lc_008,Loop Control,medium,apply,"Does 'for i in []: pass' raise an error?",Yes,No - runs 0 times,Yes - empty list error,Only in Python 2,B,Iterating over an empty iterable is valid; the loop body runs zero times.
q_lc_009,Loop Control,medium,apply,Can break be used in a while loop?,No,Yes,Only if the loop has a condition,Only in nested loops,B,break works in both for and while loops.
q_lc_010,Loop Control,easy,understand,What does the pass statement return?,None,False,0,Nothing - it's a no-op,D,pass is a no-operation statement; it returns nothing.
q_fn_001,Functions,easy,apply,Which keyword defines a function in Python?,function,def,func,define,B,def is the keyword used to define a function.
q_fn_002,Functions,easy,apply,What does a function return without a return statement?,0,None,False,Error,B,A function with no return statement (or bare return) returns None.
q_fn_003,Functions,easy,apply,What is a docstring?,A comment inside a function,A string literal as the first statement of a function,A type hint,A return value,B,A docstring is a string literal at the start of a function/class/module describing its purpose.
q_fn_004,Functions,easy,apply,Are functions first-class objects in Python?,No,Yes,Only built-ins,Only lambdas,B,Functions are first-class objects: they can be assigned to variables and passed as arguments.
q_fn_005,Functions,medium,apply,"What is the scope of a variable inside a function?",Global,Local,Module,Universal,B,Variables defined inside a function have local scope by default.
q_fn_006,Functions,medium,apply,How do you access a global variable inside a function?,Just use it for write,Use the global keyword before modifying,Use outer(),Pass as parameter only,B,Use global x before modifying a module-level variable inside a function.
q_fn_007,Functions,medium,apply,"What prints: def f(x): return x*2; print(f(3))?",3,6,f(3),Error,B,f(3) calls the function with x=3 and returns 3*2=6.
q_fn_008,Functions,easy,understand,Can a function call itself?,No,Yes,Only once,Only with recursion keyword,B,A function that calls itself is called recursive; Python supports this.
q_fn_009,Functions,easy,apply,What is returned by: def f(): pass; result = f()?,0,None,Error,'',B,A function with no return statement returns None.
q_fn_010,Functions,medium,apply,What does help(func) show?,Source code,The docstring,Error,Type information,B,help() displays the docstring and signature of a function.
q_fa_001,Function Arguments,medium,apply,What does *args capture?,Keyword arguments,Positional arguments as a tuple,A list,Required arguments,B,*args captures extra positional arguments as a tuple.
q_fa_002,Function Arguments,medium,apply,What does **kwargs capture?,Positional arguments,Keyword arguments as a dict,A set,Required keyword arguments,B,**kwargs captures extra keyword arguments as a dictionary.
q_fa_003,Function Arguments,easy,apply,What is a default parameter?,One required,One with a default value,One that can't be changed,One defined globally,B,A default parameter has a pre-set value used when the argument is not provided.
q_fa_004,Function Arguments,medium,apply,What is a keyword-only argument?,After *args in a function signature,Before positional args,Inside **kwargs,A lambda argument,A,Arguments defined after *args (or after a bare *) can only be passed by keyword.
q_fa_005,Function Arguments,medium,apply,"What prints: def f(a, b=5): return a+b; print(f(3))?",3,5,8,Error,C,a=3 and b defaults to 5; 3+5=8.
q_fa_006,Function Arguments,medium,apply,What is the correct order of arguments?,kwargs then args,args then kwargs then defaults,positional then default then *args then **kwargs,All orders are valid,C,Python enforces: positional, default, *args, keyword-only, **kwargs ordering.
q_fa_007,Function Arguments,medium,apply,"What does def f(*, x): do?",Makes x optional,Forces x to be keyword-only,Makes x positional,Error,B,A bare * separator forces all following arguments to be keyword-only.
q_fa_008,Function Arguments,easy,understand,Can you use mutable defaults like lists in Python?,Yes safely,No - they are shared across calls,Only as **kwargs,Only with type hints,B,Mutable default arguments are shared across all calls - use None as default and create inside the function.
q_fa_009,Function Arguments,medium,apply,"What prints: def f(**k): print(k); f(x=1,y=2)?",{'x':1,'y':2},(1,2),x y,Error,A,**kwargs collects keyword arguments into a dict.
q_fa_010,Function Arguments,medium,apply,"What does def f(a,/,b): mean?",a is keyword-only,a is positional-only,b is positional-only,Error,B,The / marker makes all preceding parameters positional-only.
q_lam_001,Lambda Functions,medium,apply,What is a lambda function?,A named function,An anonymous one-line function,A decorator,A generator,B,Lambda creates an anonymous function: lambda args: expression.
q_lam_002,Lambda Functions,medium,apply,How many expressions can a lambda have?,Unlimited,Exactly one,Zero,Two,B,A lambda body is a single expression (not a block of statements).
q_lam_003,Lambda Functions,medium,apply,"What does (lambda x: x*2)(5) return?",5,10,25,Error,B,The lambda is immediately called with 5: 5*2=10.
q_lam_004,Lambda Functions,medium,apply,"What does sorted([3,1,2], key=lambda x: -x) return?",[1,2,3],[3,2,1],[1,3,2],Error,B,Sorting with key=lambda x: -x reverses the natural order.
q_lam_005,Lambda Functions,medium,apply,"What does list(map(lambda x: x**2, [1,2,3])) return?",[1,2,3],[2,4,6],[1,4,9],Error,C,map applies the lambda to each element: 1, 4, 9.
q_lam_006,Lambda Functions,medium,apply,"What does list(filter(lambda x: x>2, [1,2,3,4])) return?",[1,2],[3,4],[2,3,4],Error,B,filter keeps only elements where the lambda returns True: 3 and 4.
q_lam_007,Lambda Functions,easy,understand,Can a lambda have a default argument?,No,Yes,Only in Python 3.10+,Only with *args,B,Lambda supports default arguments: lambda x, y=5: x + y.
q_lam_008,Lambda Functions,medium,apply,What is the reduce function used with lambdas for?,Filtering,Mapping,Combining all elements to one value,Sorting,C,functools.reduce applies a function cumulatively to reduce an iterable to a single value.
q_lam_009,Lambda Functions,medium,apply,What does lambda return if no expression is given?,None,0,Error,Empty lambda,C,A lambda must have an expression; lambda: is a syntax error without one.
q_lam_010,Lambda Functions,medium,analyze,When should you prefer a named function over lambda?,Never,When the logic is multi-line or complex,When performance matters,When using built-ins,B,Named functions are preferred for complex logic; lambdas suit simple one-liners.
q_rec_001,Recursion,hard,analyze,What is the base case in recursion?,The recursive call,The condition that stops recursion,The initial call,The return value,B,The base case is the condition that terminates recursion to prevent infinite calls.
q_rec_002,Recursion,hard,analyze,What happens without a base case?,Runs faster,Infinite recursion leading to RecursionError,Returns None,Compiles slowly,B,Without a base case the function calls itself indefinitely until Python raises RecursionError.
q_rec_003,Recursion,hard,analyze,What is Python's default recursion limit?,100,500,1000,Unlimited,C,Python's default recursion limit is 1000 (accessible via sys.getrecursionlimit()).
q_rec_004,Recursion,hard,apply,"What does factorial(0) return in a standard recursive factorial?",0,1,Error,None,B,By convention and mathematical definition 0! = 1 (base case).
q_rec_005,Recursion,hard,analyze,What is the call stack?,Memory for variables,Stack of active function frames,Heap memory,A list of imports,B,The call stack tracks active function calls; each recursive call adds a new frame.
q_rec_006,Recursion,hard,analyze,What is tail recursion?,A loop,A recursive call as the last operation of the function,A base case,A built-in optimization,B,Tail recursion means the recursive call is the final action; Python does not optimize it but it's a cleaner pattern.
q_rec_007,Recursion,hard,apply,How can recursion be optimized to avoid recomputation?,Increase stack limit,Use memoization (caching results),Use larger base case,Use global variables,B,Memoization caches previously computed results to avoid redundant recursive calls.
q_rec_008,Recursion,hard,analyze,"What prints: def f(n): return 1 if n<=1 else n*f(n-1); print(f(4))?",4,12,24,Error,C,f(4) = 4*f(3) = 4*3*f(2) = 4*3*2*f(1) = 4*3*2*1 = 24.
q_rec_009,Recursion,medium,analyze,What data structure is analogous to the recursion call stack?,Queue,Stack,Tree,Graph,B,Recursion uses the call stack (LIFO) just like an explicit stack data structure.
q_rec_010,Recursion,hard,apply,How do you apply memoization in Python?,@cache or @lru_cache from functools,global dict,Using recursion twice,Increasing recursion limit,A,functools.lru_cache or functools.cache decorators add memoization.
q_eh_001,Exception Handling,medium,apply,Which block catches exceptions?,try,except,finally,catch,B,The except block defines how to handle exceptions raised in the try block.
q_eh_002,Exception Handling,medium,apply,What does the finally block do?,Runs only on error,Runs only on success,Always runs after try/except,Skips on error,C,finally always executes whether an exception occurred or not.
q_eh_003,Exception Handling,medium,apply,How do you raise an exception manually?,throw Exception(),raise Exception(),error Exception(),raise(Exception),B,raise is Python's keyword to throw an exception.
q_eh_004,Exception Handling,medium,apply,What does the else clause in try/except do?,Runs on error,Runs when no exception occurs,Runs always,Runs before try,B,The else clause runs if the try block completed without raising an exception.
q_eh_005,Exception Handling,medium,apply,"What exception is raised for: int('abc')?",TypeError,ValueError,AttributeError,SyntaxError,B,int() on a non-numeric string raises ValueError.
q_eh_006,Exception Handling,medium,apply,How do you access the exception object?,except e,except Error as e,except as e,catch e,B,Use except ExceptionType as e to bind the exception to a variable.
q_eh_007,Exception Handling,medium,apply,Can you catch multiple exceptions in one except?,No,Yes with tuple: except (A, B),Yes but only two,Only in Python 3,B,You can catch multiple types: except (ValueError, TypeError) as e.
q_eh_008,Exception Handling,medium,apply,What base class do all built-in exceptions inherit from?,Exception,BaseException,Error,RuntimeError,B,BaseException is the root of Python's exception hierarchy; Exception is its main subclass.
q_eh_009,Exception Handling,medium,apply,What does assert x > 0 raise when x=0?,ValueError,AssertionError,RuntimeError,TypeError,B,assert raises AssertionError when the condition is False.
q_eh_010,Exception Handling,medium,apply,How do you re-raise the current exception?,raise e,raise,throw,reraise(),B,A bare raise inside an except block re-raises the current exception.
q_ce_001,Custom Exceptions,medium,create,How do you create a custom exception?,class MyError(Exception): pass,def MyError(): raise,MyError = Exception(),class MyError: pass,A,Custom exceptions inherit from Exception (or a subclass) using the class keyword.
q_ce_002,Custom Exceptions,medium,create,What method should custom exceptions override for a custom message?,__repr__,__str__,__message__,__error__,B,Override __str__ to provide a meaningful string representation for the exception.
q_ce_003,Custom Exceptions,medium,create,What is exception chaining?,Nesting exceptions in try blocks,raise ExcA from ExcB,Catching multiple exceptions,Using finally,B,raise ExcA from ExcB chains exceptions to show that one caused the other.
q_ce_004,Custom Exceptions,medium,create,What does raise ValueError from None do?,Suppresses the original exception context,Raises ValueError only,Raises None,Error,A,from None suppresses the chained exception context.
q_ce_005,Custom Exceptions,medium,create,Can custom exceptions have additional attributes?,No,Yes,Only one attribute,Only if it inherits from RuntimeError,B,Custom exceptions can have any attributes you add in __init__.
q_ce_006,Custom Exceptions,medium,create,What is a good naming convention for exceptions?,my_error,MyError,MY_ERROR,ErrorMy,B,By convention exception classes end with 'Error' and use PascalCase.
q_ce_007,Custom Exceptions,medium,create,How do you call the parent class __init__ in a custom exception?,parent.__init__,super().__init__,Exception.__init__,base(),B,super().__init__() calls the parent class constructor.
q_ce_008,Custom Exceptions,medium,analyze,Why create custom exceptions?,For performance,To represent domain-specific error conditions,To avoid try-except,To skip error handling,B,Custom exceptions let you represent errors specific to your application domain clearly.
q_ce_009,Custom Exceptions,medium,create,Can a custom exception inherit from another custom exception?,No,Yes,Only 2 levels,Only in Python 3.10+,B,Custom exceptions can form their own inheritance hierarchy.
q_ce_010,Custom Exceptions,medium,create,What does e.__cause__ hold?,The exception message,The exception that was chained with raise ... from,The traceback,None always,B,__cause__ holds the explicit cause from raise ExcA from ExcB.
q_cm_001,Context Managers,medium,apply,What keyword is used with context managers?,with,context,manage,open,A,The with statement is used to enter a context manager.
q_cm_002,Context Managers,medium,apply,What method is called when entering a with block?,__init__,__enter__,__start__,__open__,B,The __enter__ method is called when the with block is entered.
q_cm_003,Context Managers,medium,apply,What method is called when exiting a with block?,__exit__,__close__,__end__,__finally__,A,The __exit__ method is called on exit; it receives exception info if one occurred.
q_cm_004,Context Managers,medium,apply,What does contextlib.contextmanager do?,Creates a class-based context manager,Turns a generator function into a context manager,Opens files,Handles exceptions,B,@contextmanager lets you write a context manager as a generator with yield.
q_cm_005,Context Managers,medium,apply,What happens to a file opened with 'with open()' on exit?,Must be closed manually,Automatically closed,Stays open,Raises an error,B,The file's __exit__ method is called automatically closing the file.
q_cm_006,Context Managers,medium,apply,Can you use multiple context managers in one with statement?,No,Yes: with A() as a, B() as b,Only in Python 3.10+,Yes but with extra code,B,Multiple context managers can be listed in a single with statement with commas.
q_cm_007,Context Managers,medium,apply,"What does __exit__ return True for?",Re-raising the exception,Suppressing the exception,Logging,Nothing,B,If __exit__ returns True the exception is suppressed; False re-raises it.
q_cm_008,Context Managers,medium,analyze,What is the purpose of a context manager?,Replace loops,Manage resource acquisition and release safely,Speed up code,Replace decorators,B,Context managers ensure resources are properly acquired and released even if errors occur.
q_cm_009,Context Managers,medium,apply,What module provides suppress() context manager?,os,contextlib,sys,builtins,B,contextlib.suppress(ExcType) suppresses the given exception type.
q_cm_010,Context Managers,medium,apply,Can a context manager suppress an exception?,No,Yes - return True from __exit__,Only for ValueError,Only with try-except,B,Returning a truthy value from __exit__ suppresses the exception.
q_lst_001,Lists,easy,apply,How do you create an empty list?,list(),{},(),set(),A,list() or [] creates an empty list.
q_lst_002,Lists,easy,apply,How do you access the last element of a list?,list[-1],list[last],list.end(),list[0],A,Negative indices count from the end: list[-1] is the last element.
q_lst_003,Lists,easy,apply,What does list.append(x) do?,Adds x at position 0,Adds x at the end,Removes x,Replaces first element,B,append() adds an element to the end of a list.
q_lst_004,Lists,easy,apply,What does list.pop() return?,None,The first element,The last element,A random element,C,pop() with no argument removes and returns the last element.
q_lst_005,Lists,easy,apply,What does list[1:4] return?,Elements at indices 1,2,3,4,Elements at indices 1,2,3,Elements at indices 2,3,Error,B,Slicing [1:4] returns indices 1, 2, 3 (stop is exclusive).
q_lst_006,Lists,easy,apply,What does len([1,2,3]) return?,2,3,4,Error,B,len() returns the number of elements: 3.
q_lst_007,Lists,medium,apply,What does list.extend([4,5]) do?,Adds a nested list,Adds each element individually,Replaces the list,Error,B,extend() adds all elements from the iterable to the list individually.
q_lst_008,Lists,medium,apply,What does list.sort(reverse=True) do?,Sorts ascending,Sorts descending,Returns sorted copy,Error,B,sort(reverse=True) sorts the list in descending order in-place.
q_lst_009,Lists,medium,apply,What does list[::2] return?,Every element,Every other element,First 2 elements,Last 2 elements,B,Step slice [::2] returns every second element starting from index 0.
q_lst_010,Lists,medium,apply,What is the difference between list.sort() and sorted()?,Same thing,sort() is in-place sorted() returns new list,sorted() is in-place,No difference in Python 3,B,list.sort() modifies in place and returns None; sorted() returns a new sorted list.
q_tup_001,Tuples,easy,understand,Which of these creates a tuple?,{1,2,3},[1,2,3],(1,2,3),tuple,C,Parentheses with comma-separated values create a tuple.
q_tup_002,Tuples,easy,understand,Are tuples mutable?,Yes,No,Only in Python 2,Only if nested,B,Tuples are immutable; you cannot modify elements after creation.
q_tup_003,Tuples,easy,understand,How do you create a single-element tuple?,('a'),'a',('a',),(a),C,A trailing comma is required for a single-element tuple: ('a',).
q_tup_004,Tuples,easy,apply,What does tuple unpacking look like?,a = t[0]; b = t[1],a,b = t,(a,b) = t,Both B and C,D,Both a,b = t and (a,b) = t are valid tuple unpacking syntax.
q_tup_005,Tuples,easy,understand,What is the difference between tuple and list?,Tuples are mutable,Tuples are immutable and generally faster,Lists are immutable,No difference,B,Tuples are immutable and have slightly less overhead than lists.
q_tup_006,Tuples,easy,apply,What does t.count(x) return?,Total elements,Number of occurrences of x,Index of x,Error if x not found,B,The count() method returns how many times x appears in the tuple.
q_tup_007,Tuples,easy,apply,Can a tuple contain lists?,No,Yes,Only in Python 3,Only empty lists,B,Tuples can contain mutable objects like lists though the tuple itself remains immutable.
q_tup_008,Tuples,medium,understand,What is a named tuple?,A dict with names,A tuple subclass with named fields,A list with named indices,A class,B,collections.namedtuple creates tuple subclasses with named fields.
q_tup_009,Tuples,easy,apply,What does (1,2)+(3,4) return?,(1,2,3,4),(1,2)(3,4),[(1,2),(3,4)],Error,A,Tuple concatenation with + creates a new tuple.
q_tup_010,Tuples,easy,apply,What does len((1,(2,3))) return?,2,3,1,Error,A,The outer tuple has 2 elements: 1 and (2,3).
q_set_001,Sets,medium,apply,How do you create an empty set?,{},set(),(),empty_set,B,{} creates an empty dict, not a set; use set() for an empty set.
q_set_002,Sets,medium,apply,Can sets contain duplicate values?,Yes,No,Only strings,Only numbers,B,Sets automatically discard duplicates; each element appears only once.
q_set_003,Sets,medium,apply,What does set.add(x) do?,Adds x at index 0,Adds x (no-op if present),Raises error if present,Adds x at the end,B,add() adds the element if not already present; otherwise no-op.
q_set_004,Sets,medium,apply,What does A | B return for sets?,Intersection,Union,Difference,Symmetric difference,B,The | operator returns the union of two sets.
q_set_005,Sets,medium,apply,What does A & B return for sets?,Union,Intersection,Difference,Complement,B,The & operator returns the intersection (elements in both).
q_set_006,Sets,medium,apply,What does A - B return for sets?,Union,Intersection,Elements in A but not B,Elements in B but not A,C,The - operator returns set difference: elements in A that are not in B.
q_set_007,Sets,medium,apply,What is a frozenset?,A mutable set,An immutable set,A sorted set,A set with max size,B,frozenset is an immutable version of set; it can be used as a dict key.
q_set_008,Sets,medium,apply,Are sets ordered in Python?,Yes,No,Only if sorted,Only in Python 3.7+,B,Sets are unordered collections with no guaranteed element order.
q_set_009,Sets,medium,apply,What does A ^ B return?,Union,Intersection,Symmetric difference,All elements,C,^ returns the symmetric difference: elements in either set but not both.
q_set_010,Sets,medium,apply,How do you check if x is in a set?,set.find(x),x in set,set.contains(x),set[x],B,The in operator checks membership in O(1) average time for sets.
q_dict_001,Dictionaries,medium,apply,How do you create an empty dictionary?,{},dict,(),set(),A,{} creates an empty dictionary (unlike sets which need set()).
q_dict_002,Dictionaries,medium,apply,How do you safely get a value with a default?,d[key],d.get(key, default),d.find(key),d[key] or default,B,dict.get(key, default) returns the value or default without raising KeyError.
q_dict_003,Dictionaries,medium,apply,What does d.keys() return?,A list,A dict_keys view,A tuple,A set,B,dict.keys() returns a view object of all keys.
q_dict_004,Dictionaries,medium,apply,What does d.items() return?,A list of values,A list of (key,value) tuples,A dict_items view,A set,C,dict.items() returns a view of (key, value) pairs.
q_dict_005,Dictionaries,medium,apply,What does d.update({'a':1}) do?,Creates new dict,Merges dict in-place,Returns new dict,Error,B,update() merges another dict or iterable of key-value pairs in-place.
q_dict_006,Dictionaries,medium,apply,What does d.pop('key') do?,Returns and removes the value for key,Returns value but keeps key,Adds the key,Clears the dict,A,pop() removes the key and returns its value (raises KeyError if missing).
q_dict_007,Dictionaries,medium,apply,Are dict keys ordered in Python 3.7+?,No,Yes (insertion order),Only if sorted,Only string keys,B,From Python 3.7+ dictionaries maintain insertion order.
q_dict_008,Dictionaries,medium,apply,What is a dict comprehension?,{k: v for k,v in items},A nested dict,A dict copy,A sorted dict,A,Dict comprehensions use {key: value for ...} syntax.
q_dict_009,Dictionaries,medium,apply,What does d.setdefault(k,v) do?,Same as d[k]=v,Returns d[k] if exists else sets d[k]=v and returns v,Returns v always,Raises error,B,setdefault() is a safe way to initialize a key if it doesn't exist.
q_dict_010,Dictionaries,medium,apply,What does collections.OrderedDict add over regular dict?,Faster access,Reorder ability (move_to_end etc),Immutability,Set operations,B,OrderedDict provides methods like move_to_end() for explicit ordering control.
q_lcomp_001,List Comprehensions,medium,apply,What is a list comprehension?,A comment,A compact way to create lists using for/if inline,A named function,A generator,B,List comprehensions create lists with concise [expr for x in iterable] syntax.
q_lcomp_002,List Comprehensions,medium,apply,What does [x*2 for x in range(3)] return?,[0,2,4],[2,4,6],[0,1,2],[1,2,3],A,The comprehension evaluates 0*2=0, 1*2=2, 2*2=4.
q_lcomp_003,List Comprehensions,medium,apply,How do you add filtering to a comprehension?,Add an if after the for clause,Use filter(),Add else clause,Use a nested loop,A,[x for x in lst if condition] filters elements using an if clause.
q_lcomp_004,List Comprehensions,medium,apply,What does [x for x in range(5) if x%2==0] return?,[0,2,4],[1,3,5],[0,1,2,3,4],Error,A,The filter keeps only even numbers: 0, 2, 4.
q_lcomp_005,List Comprehensions,medium,apply,What is a nested comprehension?,Two for clauses in one comprehension,A list of comprehensions,A comprehension inside a function,Error,A,[[cell for cell in row] for row in matrix] uses two for clauses to flatten/transform matrices.
q_lcomp_006,List Comprehensions,medium,apply,What is the difference between [] and () in a comprehension?,No difference,[] creates a list () creates a generator,[] is a set () is a tuple,Error,B,() creates a generator expression which is lazy; [] creates a full list immediately.
q_lcomp_007,List Comprehensions,medium,apply,What does {x: x**2 for x in range(3)} create?,A list,A set,A dict,A tuple,C,When using {key: value for ...} the result is a dictionary comprehension.
q_lcomp_008,List Comprehensions,medium,apply,What does {x for x in [1,2,2,3]} create?,{1,2,3},{1,2,2,3},[1,2,3],Error,A,Set comprehension creates a set which discards duplicates.
q_lcomp_009,List Comprehensions,medium,apply,When should you prefer a regular loop over a comprehension?,Never,When the logic is complex or has side effects,Always for performance,When the list is large,B,Comprehensions suit simple transformations; complex logic is clearer in a regular loop.
q_lcomp_010,List Comprehensions,medium,analyze,What is the time complexity of a list comprehension over n items?,O(1),O(log n),O(n),O(n²),C,A list comprehension iterates over each element once: O(n).
q_fh_001,File Handling,medium,apply,How do you open a file for reading?,file.open('f'),open('f','r'),open('f'),File('f','r'),C,open('filename') defaults to read mode 'r'; open('filename','r') is equivalent.
q_fh_002,File Handling,medium,apply,What mode opens a file for writing (overwrite)?,r,w,a,x,B,'w' opens for writing; creates the file if absent or truncates if present.
q_fh_003,File Handling,medium,apply,What mode opens a file for appending?,r,w,a,x,C,'a' opens for appending; writes go to the end of the file.
q_fh_004,File Handling,medium,apply,What is the best way to open a file?,open() and close(),with open() as f,file = File(),using try/finally manually,B,The with statement ensures the file is closed automatically even if an error occurs.
q_fh_005,File Handling,medium,apply,What does f.read() return?,One line,Entire file as string,List of lines,Bytes,B,f.read() returns the entire contents as a string (or bytes in binary mode).
q_fh_006,File Handling,medium,apply,What does f.readlines() return?,One line,All lines as a list,Entire file as string,Generator,B,readlines() returns a list of strings one per line including newlines.
q_fh_007,File Handling,medium,apply,What does f.write(s) return?,None,Number of characters written,True,The string written,B,write() returns the number of characters (or bytes) written.
q_fh_008,File Handling,medium,apply,How do you iterate over lines of a file efficiently?,for line in f.readlines(),for line in f,while f.readline(),f.read().split(),B,'for line in f' iterates lazily without loading the entire file into memory.
q_fh_009,File Handling,medium,apply,What does f.seek(0) do?,Closes the file,Moves file pointer to beginning,Reads from position 0,Writes at position 0,B,seek(0) moves the read/write position to the start of the file.
q_fh_010,File Handling,medium,apply,How do you read a file as bytes?,open('f','r'),open('f','rb'),open('f','b'),open('f').bytes(),B,'rb' mode reads in binary mode returning bytes.
q_iter_001,Iterators,medium,understand,What is an iterable?,Object with __iter__,Object with __next__,Object with __len__,Any sequence,A,An iterable implements __iter__ which returns an iterator.
q_iter_002,Iterators,medium,understand,What is an iterator?,Object that is iterable,Object implementing __iter__ and __next__,Any loopable object,A list or tuple,B,An iterator implements both __iter__ and __next__ methods.
q_iter_003,Iterators,medium,understand,What does next() do?,Returns length,Returns next item or raises StopIteration,Resets iterator,Converts to list,B,next(iterator) calls __next__; raises StopIteration when exhausted.
q_iter_004,Iterators,medium,apply,How do you get an iterator from a list?,list.__next__(),iter(list),list.iter(),list.iterator(),B,The built-in iter() function calls __iter__ to get an iterator.
q_iter_005,Iterators,medium,understand,Can an iterator be reset?,Yes always,No - must create new one,Only if it has a reset method,Yes with iter(),B,Iterators maintain state and cannot typically be reset; create a new one to restart.
q_iter_006,Iterators,medium,apply,What does StopIteration signal?,Error,End of iteration,Empty iterator,Type mismatch,B,StopIteration is raised by __next__ when there are no more items.
q_iter_007,Iterators,medium,understand,Is every iterator an iterable?,No,Yes,Only for lists,Only in Python 3,B,Every iterator is also an iterable because it implements __iter__ (returning self).
q_iter_008,Iterators,medium,apply,What does itertools.chain() do?,Adds iterables,Creates an iterator over multiple iterables in sequence,Repeats an iterable,Filters items,B,itertools.chain() concatenates multiple iterables into a single iterator.
q_iter_009,Iterators,medium,apply,What does itertools.islice(it, n) do?,Creates a slice of a list,Returns first n items from an iterator,Repeats n times,Reverses iterator,B,islice() lazily returns the first n elements from any iterator.
q_iter_010,Iterators,medium,understand,What is a lazy iterator?,One that creates all values at once,One that produces values on demand,One that is read-only,One that caches values,B,Lazy iterators compute values only when requested saving memory.
q_gen_001,Generators,hard,apply,What keyword turns a function into a generator?,return,yield,generate,async,B,A function containing yield becomes a generator function.
q_gen_002,Generators,hard,apply,What does calling a generator function return?,The first value,A generator object,A list,None,B,Calling a generator function returns a generator object without executing any code.
q_gen_003,Generators,hard,apply,What does yield do?,Returns and terminates,Suspends and produces a value,Pauses execution forever,Creates a coroutine,B,yield suspends the function preserving state and produces a value for the caller.
q_gen_004,Generators,hard,apply,What is a generator expression?,A list comprehension,A lazy version using () instead of [],A function,A decorator,B,Generator expressions use () and evaluate lazily unlike [] list comprehensions.
q_gen_005,Generators,hard,apply,What does yield from do?,Creates a sub-generator,Delegates to another iterable/generator,Returns from function,Raises StopIteration,B,yield from delegates to a sub-generator or iterable producing all its values.
q_gen_006,Generators,hard,apply,What is the memory advantage of generators?,None,They produce items lazily without storing all in memory,They are faster,They cache results,B,Generators avoid materializing large sequences in memory by computing on-demand.
q_gen_007,Generators,hard,analyze,What happens when a generator is exhausted?,Loops forever,StopIteration is raised,Returns None,Resets,B,Once exhausted the generator's __next__ raises StopIteration on every subsequent call.
q_gen_008,Generators,hard,apply,Can a generator send values back into itself?,No,Yes with generator.send(value),Only with yield from,No - use coroutines,B,generator.send(value) resumes execution and the yield expression evaluates to value.
q_gen_009,Generators,hard,apply,What does list(gen) do with a generator?,Raises error,Materializes all values into a list,Returns the generator,Returns None,B,list() exhausts the generator collecting all yielded values into a list.
q_gen_010,Generators,hard,analyze,When should you use a generator over a list?,Never,When working with large or infinite sequences,Only with yield from,Only for performance,B,Generators are ideal for large datasets or infinite sequences where you don't need all values at once.
q_mod_001,Modules,easy,apply,How do you import a module?,include module,import module,require module,use module,B,import is the keyword to bring a module into scope.
q_mod_002,Modules,easy,apply,How do you import a specific function from a module?,import function from module,from module import function,module.function,require(module.function),B,from module import name brings a specific name from a module.
q_mod_003,Modules,easy,apply,What does import math as m do?,Imports only m from math,Creates alias m for the math module,Renames math to m,Error,B,import ... as creates an alias for the module.
q_mod_004,Modules,easy,apply,What is __name__ inside a directly run module?,the filename,__main__,the module path,None,B,When a module is run directly its __name__ is set to '__main__'.
q_mod_005,Modules,easy,apply,What does if __name__ == '__main__': do?,Imports module,Runs code only when script is executed directly,Always runs,Never runs,B,This guard runs the block only when the file is executed directly not when imported.
q_mod_006,Modules,easy,apply,Where does Python search for modules?,Current directory only,sys.path locations,Environment path,import path file,B,sys.path is the list of directories Python searches when importing modules.
q_mod_007,Modules,easy,apply,What does from math import * do?,Imports nothing,Imports all public names from math,Imports only functions,Error in Python 3,B,import * imports all names not prefixed with underscore from the module.
q_mod_008,Modules,easy,understand,What is the __init__.py file for?,Required for all packages,Makes a directory a Python package,Contains module metadata,Holds global variables,B,__init__.py (can be empty) signals that a directory should be treated as a package.
q_mod_009,Modules,easy,apply,How do you reload a module that changed?,import again,importlib.reload(module),reload(module),re-import(module),B,importlib.reload() re-executes the module code for an already-imported module.
q_mod_010,Modules,medium,understand,What does __all__ in a module define?,Private names,Names exported by import *,All names,None of these,B,__all__ is a list of public names exported when from module import * is used.
q_pkg_001,Packages,medium,apply,What makes a directory a Python package?,A README,An __init__.py file,Any Python file,A setup.py,B,A directory with __init__.py is a Python package.
q_pkg_002,Packages,medium,apply,What is a relative import?,Importing from a URL,Importing from within the same package,Importing by alias,Lazy import,B,from . import module imports from the current package (relative path).
q_pkg_003,Packages,medium,apply,What does pip install package do?,Runs the package,Downloads and installs from PyPI,Creates a package,Updates Python,B,pip is Python's package installer; it downloads from PyPI.
q_pkg_004,Packages,medium,apply,Where are site-packages stored?,In the current directory,In Python's installation lib directory,In /usr/local,In the home directory,B,site-packages is the directory in Python's installation where third-party packages are installed.
q_pkg_005,Packages,medium,apply,What is a namespace package?,A package without __init__.py,A package with only docstrings,A virtual package,A package with one module,A,PEP 420 namespace packages don't require __init__.py and can span multiple directories.
q_pkg_006,Packages,medium,apply,What does pip freeze do?,Installs packages,Lists installed packages with versions,Removes packages,Updates packages,B,pip freeze outputs all installed packages with their exact versions (for requirements.txt).
q_pkg_007,Packages,medium,apply,What is a virtual environment?,A virtual machine,An isolated Python environment with its own packages,A container,A namespace,B,Virtual environments isolate project dependencies from the global Python installation.
q_pkg_008,Packages,medium,apply,How do you create a virtual environment?,pip create venv,python -m venv name,virtualenv.create(name),venv.new(name),B,python -m venv envname creates a new virtual environment.
q_pkg_009,Packages,medium,understand,What is pyproject.toml?,A configuration file for Python projects and packaging,A Python script,A virtual env config,A pip config,A,pyproject.toml (PEP 517/518) is the modern configuration format for Python packages.
q_pkg_010,Packages,medium,apply,What does from ..utils import helper do?,Imports from child package,Imports from parent package's utils,Imports from current package,Error,B,.. goes up one level to the parent package; from ..utils imports from a sibling package.
q_oop_001,OOP Basics,medium,understand,What is a class?,A module,A blueprint for creating objects,A function,A variable type,B,A class defines the structure and behavior for objects of that type.
q_oop_002,OOP Basics,medium,understand,What is an object?,A function call,An instance of a class,A module,A variable,B,An object is an instance created from a class using instantiation.
q_oop_003,OOP Basics,medium,understand,What is a method?,A module function,A function defined inside a class,A class variable,An attribute,B,A method is a function defined inside a class that operates on instances.
q_oop_004,OOP Basics,medium,understand,What are attributes?,Variables bound to an object/class,Built-in functions,Class names,Import statements,A,Attributes are data stored on an object or class (instance/class variables).
q_oop_005,OOP Basics,medium,understand,What does instantiation mean?,Importing a class,Creating an object from a class,Inheriting a class,Calling a method,B,Instantiation creates a new object from a class by calling it like a function.
q_oop_006,OOP Basics,medium,understand,What are the 4 pillars of OOP?,Variables loops functions classes,Encapsulation inheritance polymorphism abstraction,Import export modify delete,None of these,B,OOP is built on encapsulation, inheritance, polymorphism, and abstraction.
q_oop_007,OOP Basics,medium,understand,What is the difference between a class and an object?,No difference,A class is the blueprint; an object is an instance,An object is the blueprint; a class is an instance,Classes exist at runtime only,B,The class defines structure; objects are concrete instances of that structure.
q_oop_008,OOP Basics,medium,understand,Can Python support multiple programming paradigms?,No - OOP only,Yes - OOP, procedural, functional,Yes - only OOP and functional,No - only procedural,B,Python supports OOP, procedural, and functional programming styles.
q_oop_009,OOP Basics,medium,understand,What does 'self' refer to in a method?,The class,The current instance,A global variable,None,B,self refers to the specific instance the method is called on.
q_oop_010,OOP Basics,medium,understand,What is abstraction in OOP?,Hiding implementation details,Copying code,Inheritance,Error handling,A,Abstraction means exposing only necessary interface while hiding internal complexity.
q_co_001,Classes Objects,medium,apply,What keyword creates a class?,object,class,type,struct,B,class is the keyword to define a class in Python.
q_co_002,Classes Objects,medium,apply,What is self in a method?,A module reference,A reference to the current instance,A global variable,A class method argument,B,self is the conventional first parameter of instance methods referring to the object.
q_co_003,Classes Objects,medium,apply,How do you access an instance attribute?,class.attr,self.attr inside methods / obj.attr outside,obj[attr],getattr only,B,Instance attributes are accessed via self.attr inside the class or obj.attr externally.
q_co_004,Classes Objects,medium,apply,What is __dict__ on an object?,Its class,A dict of its instance attributes,Its methods,Its type,B,obj.__dict__ is a dictionary containing the instance's attribute names and values.
q_co_005,Classes Objects,medium,apply,What is __class__ on an object?,Its parent class,The class it was created from,A method,A string,B,obj.__class__ returns the class that the object is an instance of.
q_co_006,Classes Objects,medium,apply,How do you create a class method?,def method(self),@classmethod def method(cls),@staticmethod def method(),def classmethod(),B,@classmethod decorator makes a method receive the class (cls) as first arg.
q_co_007,Classes Objects,medium,apply,What is a static method?,A method with self,A method that takes no self or cls,A class variable,A module function,B,@staticmethod creates a method that doesn't receive the instance or class.
q_co_008,Classes Objects,medium,apply,What does obj.__class__.__name__ return?,The module name,The class name as a string,None,Error,B,__name__ on a class returns its name as a string.
q_co_009,Classes Objects,medium,apply,Can Python classes have class-level (shared) variables?,No,Yes,Only constants,Only strings,B,Class variables are defined in the class body and shared across all instances.
q_co_010,Classes Objects,medium,apply,What does vars(obj) return?,The class,Same as obj.__dict__,The methods,The type,B,vars(obj) returns the __dict__ of an object.
q_ctor_001,Constructors,medium,apply,What is __init__ in Python?,A module initializer,The constructor method called when creating an instance,A destructor,A class method,B,__init__ is called automatically when a new instance is created.
q_ctor_002,Constructors,medium,apply,What does super().__init__() do?,Calls parent class constructor,Creates a new class,Destroys the parent,Calls self.__init__,A,super().__init__() calls the __init__ of the parent class.
q_ctor_003,Constructors,medium,apply,What is __new__?,The constructor that creates the instance before __init__,Same as __init__,A class method,A factory function,A,__new__ allocates memory and creates the object; __init__ initializes it.
q_ctor_004,Constructors,medium,apply,Can __init__ return a value?,Yes,No - must return None,Only False,Only another class,B,__init__ must return None; returning anything else raises TypeError.
q_ctor_005,Constructors,medium,apply,How do you set instance attributes in __init__?,Global vars,self.attribute = value,cls.attribute = value,Assign directly,B,Use self.attribute = value inside __init__ to set instance attributes.
q_ctor_006,Constructors,medium,apply,What is constructor overloading in Python?,Defining multiple __init__,Not directly supported; use *args/**kwargs or @classmethod,Using __new__,Inheriting __init__,B,Python doesn't support multiple constructors by overloading; use default args or classmethods.
q_ctor_007,Constructors,medium,apply,What is a factory classmethod?,A function that returns a new class,An alternative constructor returning cls(...),A static factory,An __init__ alias,B,Classmethods as alternative constructors call cls() to create instances.
q_ctor_008,Constructors,medium,apply,When is __init__ called?,Manually,Automatically during instantiation,Only when called explicitly,On import,B,Python calls __init__ automatically after __new__ creates the object.
q_ctor_009,Constructors,medium,apply,What does __del__ do?,Constructor,Destructor called when object is garbage collected,Deletes an attribute,Removes the class,B,__del__ is called when the object's reference count drops to zero.
q_ctor_010,Constructors,medium,apply,Can a subclass skip calling super().__init__()?,Yes but instance attrs from parent won't be set,No - Python requires it,Only in Python 3.10+,Only with @override,A,It's valid to skip but parent's initialization logic won't run possibly leaving attrs unset.
q_enc_001,Encapsulation,medium,apply,What prefix makes an attribute private by convention?,#,_,__,@,B,A single underscore prefix (_attr) signals that an attribute is intended to be private.
q_enc_002,Encapsulation,medium,apply,What does double underscore prefix (__attr) do?,Makes it truly private,Name mangling to _ClassName__attr,Deletes the attribute,Makes it a class variable,B,__ prefix causes name mangling: __attr becomes _ClassName__attr in the namespace.
q_enc_003,Encapsulation,medium,apply,What is a property in Python?,A class variable,A descriptor managing attribute access via @property,A method,A module attribute,B,@property creates a managed attribute with getter/setter/deleter methods.
q_enc_004,Encapsulation,medium,apply,How do you create a setter for a property?,@property.set,@prop.setter,def set_prop(),@setter,B,@propname.setter decorates a method to be called when setting the property.
q_enc_005,Encapsulation,medium,apply,What is the purpose of encapsulation?,Speed,Bundling data with methods and restricting direct access,Inheritance,Polymorphism,B,Encapsulation bundles data and behavior while hiding internal state from outside.
q_enc_006,Encapsulation,medium,apply,Can name-mangled attributes still be accessed?,No,Yes via _ClassName__attr,Only inside the class,Only with getattr,B,Name-mangled attributes can be accessed externally as _ClassName__attr.
q_enc_007,Encapsulation,medium,apply,What does @property allow?,Accessing a method like an attribute,Making an attribute private,Overriding a method,Creating a class variable,A,@property lets you call a method without parentheses as if it were an attribute.
q_enc_008,Encapsulation,medium,apply,What does @attr.deleter do?,Deletes the class,Defines logic for del obj.attr,Removes the setter,Marks attr as read-only,B,@attr.deleter decorates the method called when del obj.attr is executed.
q_enc_009,Encapsulation,medium,analyze,Why is encapsulation important?,Prevents all errors,Allows controlled access and validation of internal state,Speeds up execution,Required by Python,B,Encapsulation lets you validate or transform values before storing them.
q_enc_010,Encapsulation,medium,apply,What is the difference between _ and __ prefix?,No difference,_ is convention only; __ triggers name mangling,__ is stronger _ is weaker but identical internally,Both are identical,B,_ is a hint to developers; __ actively renames the attribute to prevent accidental override.
q_inh_001,Inheritance,hard,analyze,What is inheritance in OOP?,Copying code,A class acquiring attributes and methods from a parent class,Sharing modules,Using decorators,B,Inheritance lets a subclass reuse and extend the behavior of a parent class.
q_inh_002,Inheritance,hard,analyze,What is single inheritance?,Only one level of inheritance,A class inheriting from exactly one parent class,A class with one method,Inheriting from built-ins,B,Single inheritance means the child class has exactly one direct parent.
q_inh_003,Inheritance,hard,analyze,What is the MRO?,Modular Reference Order,Method Resolution Order - the order Python searches for methods,Memory Reference Object,Module Run Order,B,MRO (C3 linearization) determines the order in which base classes are searched for methods.
q_inh_004,Inheritance,hard,apply,How do you see a class's MRO?,ClassName.mro() or ClassName.__mro__,inspect.mro(cls),mro(ClassName),type(ClassName).mro,A,Both ClassName.mro() and ClassName.__mro__ expose the method resolution order.
q_inh_005,Inheritance,hard,apply,What is a mixin?,A standalone class providing specific functionality to be mixed in,A base class,An abstract class,A decorator,A,Mixins are small classes providing reusable functionality without a full inheritance hierarchy.
q_inh_006,Inheritance,hard,analyze,What does super() do?,Calls parent's __init__ only,Returns a proxy to the parent class for cooperative calls,Creates a new parent,Bypasses MRO,B,super() returns a proxy enabling cooperative multiple inheritance following the MRO.
q_inh_007,Inheritance,hard,apply,What is the Diamond Problem?,A performance issue,When two parents share a common ancestor causing ambiguity in multiple inheritance,A syntax error,A circular import,B,The Diamond Problem occurs in multiple inheritance when two parents share a base class. Python's MRO solves it.
q_inh_008,Inheritance,hard,apply,"class B(A): pass — what does B inherit?",Nothing,All of A's methods and attributes,Only A's __init__,Only public methods,B,B inherits all methods and attributes from A.
q_inh_009,Inheritance,hard,analyze,Can a subclass override parent methods?,No,Yes,Only __init__,Only magic methods,B,Method overriding allows a subclass to provide its own implementation.
q_inh_010,Inheritance,hard,apply,How do you call a parent's overridden method from child?,parent.method(self),super().method(),self.super().method(),parent_class(),B,super().method() calls the parent's version following the MRO.
q_poly_001,Polymorphism,hard,analyze,What is polymorphism?,Same name for different types,One interface; multiple implementations depending on object type,Overloading operators,Inheriting methods,B,Polymorphism allows different objects to respond to the same interface differently.
q_poly_002,Polymorphism,hard,analyze,What is method overriding?,Defining a method in a parent class,A subclass providing its own implementation of a parent method,Using the same method name twice,Calling two methods,B,Method overriding is when a subclass redefines an inherited method.
q_poly_003,Polymorphism,hard,analyze,What is duck typing?,Typing with ducks,If an object has the required methods/attributes it can be used regardless of type,Strict typing,Type hints,B,Duck typing means Python checks behavior (methods/attrs) not explicit type.
q_poly_004,Polymorphism,hard,apply,What is operator overloading?,Calling operators with extra args,Defining __dunder__ methods to customize operator behavior,Using multiple operators,A built-in feature,B,Dunder methods like __add__ and __str__ let you customize how operators work on your objects.
q_poly_005,Polymorphism,hard,apply,What dunder method overloads the + operator?,__plus__,__add__,__sum__,__concat__,B,__add__(self, other) is called when + is used on the object.
q_poly_006,Polymorphism,hard,apply,What dunder method defines str(obj) behavior?,__string__,__str__,__repr__,__format__,B,__str__ is called by str() and print() for a human-readable string representation.
q_poly_007,Polymorphism,hard,apply,What is the difference between __str__ and __repr__?,No difference,__str__ for end-user; __repr__ for developers/debugging,__repr__ for end-user; __str__ for debug,Both are identical,B,__str__ is meant to be readable; __repr__ is meant to be unambiguous and useful for debugging.
q_poly_008,Polymorphism,hard,analyze,What is an abstract base class?,A class with no methods,A class that cannot be instantiated and defines an interface,A built-in class,A mixin,B,ABCs (from abc module) define required methods subclasses must implement.
q_poly_009,Polymorphism,hard,apply,What module provides ABC and abstractmethod?,typing,abc,collections,functools,B,The abc module provides ABC base class and @abstractmethod decorator.
q_poly_010,Polymorphism,hard,analyze,What does @abstractmethod enforce?,Method must be private,Subclasses must implement the method or they cannot be instantiated,Method is final,Method is static,B,@abstractmethod marks a method that subclasses must override; instantiating without it raises TypeError.
q_dec_001,Decorators,hard,create,What is a decorator?,A comment,A function that wraps another function to modify its behavior,A class attribute,A module alias,B,A decorator takes a function and returns a modified or wrapped version of it.
q_dec_002,Decorators,hard,create,What does @decorator syntax do?,Creates a function,Applies decorator to the function below it,Imports a module,Defines a class,B,@decorator is syntactic sugar for func = decorator(func).
q_dec_003,Decorators,hard,create,Why should you use functools.wraps in a decorator?,For speed,To preserve the wrapped function's metadata (__name__ etc),Required by Python,To enable recursion,B,Without @wraps the wrapper function would replace the original's __name__ and __doc__.
q_dec_004,Decorators,hard,create,Can decorators accept arguments?,No,Yes - by adding another wrapping layer,Only built-in decorators,Only with *args,B,Parameterized decorators use three levels: outer takes args, middle takes func, inner is the wrapper.
q_dec_005,Decorators,hard,create,What is a class decorator?,A decorator applied to methods,A class used as a decorator by implementing __call__,A class that inherits decorators,A factory function,B,A class can act as a decorator if it implements __call__ to wrap the function.
q_dec_006,Decorators,hard,create,What does @property do?,Imports a property,Creates a managed attribute using a descriptor,Caches a function,Makes a method static,B,@property is a built-in decorator that makes a method callable as an attribute.
q_dec_007,Decorators,hard,apply,What does @staticmethod do?,Makes method use self,Makes method take no implicit self or cls,Makes method private,Requires the class to be abstract,B,@staticmethod removes the implicit first argument making it a plain function in the class namespace.
q_dec_008,Decorators,hard,apply,What does @classmethod do?,Uses self,Passes the class as first argument (cls),Makes method private,Inherits automatically,B,@classmethod passes the class itself (not an instance) as the first argument.
q_dec_009,Decorators,hard,create,How do you stack multiple decorators?,Only one is allowed,@dec1 above @dec2 means dec1(dec2(func)),@dec2 above @dec1 means dec1(dec2(func)),Order doesn't matter,B,Decorators are applied bottom-up: the decorator closest to the function is applied first.
q_dec_010,Decorators,hard,create,What is the typical use case for decorators?,Variable assignment,Cross-cutting concerns: logging, caching, auth, timing,Defining classes,Creating modules,B,Decorators are ideal for cross-cutting concerns that should apply transparently to many functions.
